peak,cm_row,member_idx,set
peak44072,3,586,insilico
peak44072,3,586,invitro
peak44072,3,586,ism
peak44072,3,20257,insilico
peak44072,3,50442,insilico
peak44072,3,77959,insilico
peak44072,3,146735,insilico
peak44072,3,146735,invitro
peak44072,3,146735,ism
peak44072,3,149199,insilico
peak44072,3,151892,insilico
peak44072,3,151892,invitro
peak44072,3,151892,ism
peak44072,3,156645,insilico
peak44072,3,156645,invitro
peak44072,3,180619,insilico
peak44072,3,181400,insilico
peak44072,3,181400,invitro
peak44072,3,193707,insilico
peak44072,3,203769,insilico
peak44072,3,203769,invitro
peak44072,3,207526,insilico
peak44072,3,207526,invitro
peak44072,3,210931,insilico
peak44072,3,210931,invitro
peak44072,3,222899,insilico
peak44072,3,222899,invitro
peak44072,3,231000,insilico
peak44072,3,231000,invitro
peak44072,3,236418,insilico
peak44072,3,257368,insilico
peak44072,3,268177,insilico
peak44072,3,293155,insilico
peak44072,60,41628,insilico
peak44072,60,41628,invitro
peak44072,60,41628,ism
peak44072,60,49888,insilico
peak44072,60,62132,insilico
peak44072,60,62132,invitro
peak44072,60,72894,insilico
peak44072,60,76826,insilico
peak44072,60,76826,invitro
peak44072,60,89443,insilico
peak44072,60,121823,insilico
peak44072,60,121823,invitro
peak44072,60,121823,ism
peak44072,60,158142,insilico
peak44072,60,158142,invitro
peak44072,60,170618,insilico
peak44072,60,170618,invitro
peak44072,60,170618,ism
peak44072,60,189491,insilico
peak44072,60,189491,invitro
peak44072,60,190265,insilico
peak44072,60,204538,insilico
peak44072,60,212010,insilico
peak44072,60,212010,invitro
peak44072,60,217375,insilico
peak44072,60,237996,insilico
peak44072,60,246073,insilico
peak44072,60,246073,invitro
peak44072,60,258170,insilico
peak44072,60,264941,insilico
peak44072,60,276440,insilico
peak44072,60,298436,insilico
peak44072,60,298436,invitro
peak44072,128,2419,insilico
peak44072,128,2419,invitro
peak44072,128,23891,insilico
peak44072,128,27495,insilico
peak44072,128,38347,insilico
peak44072,128,38347,invitro
peak44072,128,38347,ism
peak44072,128,80864,insilico
peak44072,128,92384,insilico
peak44072,128,92384,invitro
peak44072,128,92384,ism
peak44072,128,93595,insilico
peak44072,128,93595,invitro
peak44072,128,98985,insilico
peak44072,128,98985,invitro
peak44072,128,104813,insilico
peak44072,128,136401,insilico
peak44072,128,142765,insilico
peak44072,128,148793,insilico
peak44072,128,148820,insilico
peak44072,128,148820,invitro
peak44072,128,163168,insilico
peak44072,128,168992,insilico
peak44072,128,169086,insilico
peak44072,128,169545,insilico
peak44072,128,169545,invitro
peak44072,128,176838,insilico
peak44072,128,176838,invitro
peak44072,128,195744,insilico
peak44072,128,195744,invitro
peak44072,128,195744,ism
peak44072,128,196894,insilico
peak44072,128,196894,invitro
peak44072,129,1744,insilico
peak44072,129,15009,insilico
peak44072,129,20433,insilico
peak44072,129,27680,insilico
peak44072,129,31917,insilico
peak44072,129,33884,insilico
peak44072,129,55883,insilico
peak44072,129,58349,insilico
peak44072,129,59908,insilico
peak44072,129,67721,insilico
peak44072,129,81685,insilico
peak44072,129,96266,insilico
peak44072,129,161492,insilico
peak44072,129,178902,insilico
peak44072,129,193522,insilico
peak44072,129,195597,insilico
peak44072,129,220011,insilico
peak44072,129,247339,insilico
peak44072,129,261343,insilico
peak44072,129,271427,insilico
peak44072,135,2670,insilico
peak44072,135,2670,invitro
peak44072,135,2670,ism
peak44072,135,18521,insilico
peak44072,135,18521,invitro
peak44072,135,33057,insilico
peak44072,135,33057,invitro
peak44072,135,68165,insilico
peak44072,135,68165,invitro
peak44072,135,69836,insilico
peak44072,135,69836,invitro
peak44072,135,76606,insilico
peak44072,135,76606,invitro
peak44072,135,82853,insilico
peak44072,135,82853,invitro
peak44072,135,82853,ism
peak44072,135,97381,insilico
peak44072,135,97381,invitro
peak44072,135,102213,insilico
peak44072,135,102213,invitro
peak44072,135,102213,ism
peak44072,135,110281,insilico
peak44072,135,110281,invitro
peak44072,135,117457,insilico
peak44072,135,177603,insilico
peak44072,135,179918,insilico
peak44072,135,235093,insilico
peak44072,135,238718,insilico
peak44072,135,265387,insilico
peak44072,135,280013,insilico
peak44072,135,285829,insilico
peak44072,135,290797,insilico
peak44072,135,295172,insilico
peak47523,22,24788,insilico
peak47523,22,29208,insilico
peak47523,22,30698,insilico
peak47523,22,41883,insilico
peak47523,22,41883,invitro
peak47523,22,71589,insilico
peak47523,22,71589,invitro
peak47523,22,71589,ism
peak47523,22,80824,insilico
peak47523,22,80824,invitro
peak47523,22,80824,ism
peak47523,22,87603,insilico
peak47523,22,94792,insilico
peak47523,22,105211,insilico
peak47523,22,115141,insilico
peak47523,22,115141,invitro
peak47523,22,132902,insilico
peak47523,22,132902,invitro
peak47523,22,132902,ism
peak47523,22,188362,insilico
peak47523,22,188521,insilico
peak47523,22,188521,invitro
peak47523,22,193818,insilico
peak47523,22,206523,insilico
peak47523,22,223322,insilico
peak47523,22,223322,invitro
peak47523,22,264221,insilico
peak47523,22,275837,insilico
peak47523,22,275837,invitro
peak47523,22,279219,insilico
peak47523,22,279219,invitro
peak47523,22,286145,insilico
peak47523,22,286145,invitro
peak47523,30,286,insilico
peak47523,30,24873,insilico
peak47523,30,32960,insilico
peak47523,30,42340,insilico
peak47523,30,42340,invitro
peak47523,30,54073,insilico
peak47523,30,54073,invitro
peak47523,30,62121,insilico
peak47523,30,62121,invitro
peak47523,30,70733,insilico
peak47523,30,120752,insilico
peak47523,30,146036,insilico
peak47523,30,146036,invitro
peak47523,30,159851,insilico
peak47523,30,162654,insilico
peak47523,30,174097,insilico
peak47523,30,174097,invitro
peak47523,30,174097,ism
peak47523,30,202089,insilico
peak47523,30,202089,invitro
peak47523,30,202089,ism
peak47523,30,204215,insilico
peak47523,30,204215,invitro
peak47523,30,217420,insilico
peak47523,30,225185,insilico
peak47523,30,225185,invitro
peak47523,30,225966,insilico
peak47523,30,225966,invitro
peak47523,30,225966,ism
peak47523,30,239314,insilico
peak47523,30,239314,invitro
peak47523,30,241111,insilico
peak47523,30,291636,insilico
peak47523,34,1728,insilico
peak47523,34,1728,invitro
peak47523,34,29697,insilico
peak47523,34,78217,insilico
peak47523,34,78217,invitro
peak47523,34,119667,insilico
peak47523,34,119667,invitro
peak47523,34,119667,ism
peak47523,34,128035,insilico
peak47523,34,128035,invitro
peak47523,34,134181,insilico
peak47523,34,143877,insilico
peak47523,34,143877,invitro
peak47523,34,143877,ism
peak47523,34,151860,insilico
peak47523,34,178272,insilico
peak47523,34,183432,insilico
peak47523,34,183822,insilico
peak47523,34,183822,invitro
peak47523,34,187719,insilico
peak47523,34,188109,insilico
peak47523,34,188109,invitro
peak47523,34,188109,ism
peak47523,34,211125,insilico
peak47523,34,211125,invitro
peak47523,34,218866,insilico
peak47523,34,231313,insilico
peak47523,34,237543,insilico
peak47523,34,237543,invitro
peak47523,34,258550,insilico
peak47523,34,258550,invitro
peak47523,34,279470,insilico
peak47523,34,293275,insilico
peak47523,91,17891,insilico
peak47523,91,56542,insilico
peak47523,91,56542,invitro
peak47523,91,61839,insilico
peak47523,91,61839,invitro
peak47523,91,103001,insilico
peak47523,91,103001,invitro
peak47523,91,113939,insilico
peak47523,91,113939,invitro
peak47523,91,120121,insilico
peak47523,91,144791,insilico
peak47523,91,144791,invitro
peak47523,91,148487,insilico
peak47523,91,154811,insilico
peak47523,91,154811,invitro
peak47523,91,162459,insilico
peak47523,91,177847,insilico
peak47523,91,225722,insilico
peak47523,91,235915,insilico
peak47523,91,240202,insilico
peak47523,91,245792,insilico
peak47523,91,245792,invitro
peak47523,91,245792,ism
peak47523,91,254015,insilico
peak47523,91,260404,insilico
peak47523,91,260404,invitro
peak47523,91,261434,insilico
peak47523,91,264273,insilico
peak47523,91,264273,invitro
peak47523,91,264273,ism
peak47523,91,294912,insilico
peak47523,91,294912,invitro
peak47523,91,294912,ism
peak81700,49,36513,insilico
peak81700,49,36578,insilico
peak81700,49,41120,insilico
peak81700,49,52614,insilico
peak81700,49,52614,invitro
peak81700,49,52614,ism
peak81700,49,63162,insilico
peak81700,49,92405,insilico
peak81700,49,92405,invitro
peak81700,49,96754,insilico
peak81700,49,96754,invitro
peak81700,49,108824,insilico
peak81700,49,108824,invitro
peak81700,49,109985,insilico
peak81700,49,109985,invitro
peak81700,49,109985,ism
peak81700,49,117964,insilico
peak81700,49,118838,insilico
peak81700,49,119028,insilico
peak81700,49,119028,invitro
peak81700,49,150618,insilico
peak81700,49,150618,invitro
peak81700,49,167035,insilico
peak81700,49,169652,insilico
peak81700,49,169652,invitro
peak81700,49,205190,insilico
peak81700,49,234299,insilico
peak81700,49,259917,insilico
peak81700,49,263620,insilico
peak81700,49,263620,invitro
peak81700,49,263620,ism
peak81700,49,297755,insilico
peak81700,49,297755,invitro
peak81700,114,2281,insilico
peak81700,114,2281,invitro
peak81700,114,2839,insilico
peak81700,114,2839,invitro
peak81700,114,2839,ism
peak81700,114,11603,insilico
peak81700,114,11603,invitro
peak81700,114,49635,insilico
peak81700,114,51604,insilico
peak81700,114,66313,insilico
peak81700,114,66313,invitro
peak81700,114,71098,insilico
peak81700,114,91948,insilico
peak81700,114,92683,insilico
peak81700,114,99216,insilico
peak81700,114,99216,invitro
peak81700,114,103374,insilico
peak81700,114,115042,insilico
peak81700,114,115042,invitro
peak81700,114,115042,ism
peak81700,114,135533,insilico
peak81700,114,135533,invitro
peak81700,114,139777,insilico
peak81700,114,176830,insilico
peak81700,114,182535,insilico
peak81700,114,201021,insilico
peak81700,114,201021,invitro
peak81700,114,234754,insilico
peak81700,114,234754,invitro
peak81700,114,234754,ism
peak81700,114,239167,insilico
peak81700,114,286808,insilico
peak81700,114,286808,invitro
peak81700,129,2413,insilico
peak81700,129,2413,invitro
peak81700,129,2413,ism
peak81700,129,6271,insilico
peak81700,129,17655,insilico
peak81700,129,39092,insilico
peak81700,129,39092,invitro
peak81700,129,63834,insilico
peak81700,129,63834,invitro
peak81700,129,86652,insilico
peak81700,129,86652,invitro
peak81700,129,90674,insilico
peak81700,129,102746,insilico
peak81700,129,102746,invitro
peak81700,129,116850,insilico
peak81700,129,123758,insilico
peak81700,129,123758,invitro
peak81700,129,123758,ism
peak81700,129,147295,insilico
peak81700,129,147295,invitro
peak81700,129,154764,insilico
peak81700,129,154764,invitro
peak81700,129,167747,insilico
peak81700,129,169181,insilico
peak81700,129,169181,invitro
peak81700,129,169181,ism
peak81700,129,188248,insilico
peak81700,129,214318,insilico
peak81700,129,214318,invitro
peak81700,129,219903,insilico
peak81700,129,229890,insilico
peak81700,129,243571,insilico
peak81700,129,279582,insilico
peak81700,171,7128,insilico
peak81700,171,7519,insilico
peak81700,171,19052,insilico
peak81700,171,28642,insilico
peak81700,171,56965,insilico
peak81700,171,88679,insilico
peak81700,171,89136,insilico
peak81700,171,91064,insilico
peak81700,171,103206,insilico
peak81700,171,111925,insilico
peak81700,171,115885,insilico
peak81700,171,120720,insilico
peak81700,171,144507,insilico
peak81700,171,151277,insilico
peak81700,171,152479,insilico
peak81700,171,183881,insilico
peak81700,171,188496,insilico
peak81700,171,205709,insilico
peak81700,171,210774,insilico
peak81700,171,229638,insilico
peak81700,171,233939,insilico
peak81700,171,281916,insilico
peak81700,171,287997,insilico
peak81700,190,2686,insilico
peak81700,190,28985,insilico
peak81700,190,28985,invitro
peak81700,190,28985,ism
peak81700,190,34981,insilico
peak81700,190,38634,insilico
peak81700,190,47464,insilico
peak81700,190,47464,invitro
peak81700,190,47464,ism
peak81700,190,60619,insilico
peak81700,190,60619,invitro
peak81700,190,64897,insilico
peak81700,190,111926,insilico
peak81700,190,111926,invitro
peak81700,190,114386,insilico
peak81700,190,141548,insilico
peak81700,190,147268,insilico
peak81700,190,147268,invitro
peak81700,190,147268,ism
peak81700,190,177224,insilico
peak81700,190,194695,insilico
peak81700,190,197424,insilico
peak81700,190,207435,insilico
peak81700,190,207435,invitro
peak81700,190,221352,insilico
peak81700,190,221352,invitro
peak81700,190,239752,insilico
peak81700,190,239752,invitro
peak81700,190,241965,insilico
peak81700,190,241965,invitro
peak81700,190,260875,insilico
peak81700,190,271940,insilico
peak81700,190,271940,invitro
peak81700,199,8361,insilico
peak81700,199,8361,invitro
peak81700,199,8361,ism
peak81700,199,8434,insilico
peak81700,199,8434,invitro
peak81700,199,18327,insilico
peak81700,199,18327,invitro
peak81700,199,36480,insilico
peak81700,199,42513,insilico
peak81700,199,43010,insilico
peak81700,199,43010,invitro
peak81700,199,43010,ism
peak81700,199,44575,insilico
peak81700,199,44575,invitro
peak81700,199,48892,insilico
peak81700,199,48892,invitro
peak81700,199,123539,insilico
peak81700,199,123539,invitro
peak81700,199,131579,insilico
peak81700,199,145778,insilico
peak81700,199,145778,invitro
peak81700,199,145778,ism
peak81700,199,191994,insilico
peak81700,199,191994,invitro
peak81700,199,202878,insilico
peak81700,199,205457,insilico
peak81700,199,215356,insilico
peak81700,199,228759,insilico
peak81700,199,239878,insilico
peak81700,199,249163,insilico
peak81700,199,249163,invitro
peak81700,199,288363,insilico
peak81700,199,293888,insilico
peak84030,27,37808,insilico
peak84030,27,37808,invitro
peak84030,27,43301,insilico
peak84030,27,43301,invitro
peak84030,27,43301,ism
peak84030,27,46089,insilico
peak84030,27,46089,invitro
peak84030,27,51638,insilico
peak84030,27,60053,insilico
peak84030,27,60053,invitro
peak84030,27,65331,insilico
peak84030,27,83641,insilico
peak84030,27,116854,insilico
peak84030,27,131593,insilico
peak84030,27,132952,insilico
peak84030,27,166621,insilico
peak84030,27,177470,insilico
peak84030,27,177470,invitro
peak84030,27,185692,insilico
peak84030,27,198074,insilico
peak84030,27,198074,invitro
peak84030,27,198074,ism
peak84030,27,205466,insilico
peak84030,27,233646,insilico
peak84030,27,233646,invitro
peak84030,27,233646,ism
peak84030,27,249673,insilico
peak84030,27,249673,invitro
peak84030,27,254305,insilico
peak84030,27,266567,insilico
peak84030,27,266567,invitro
peak84030,27,276214,insilico
peak84030,27,276214,invitro
peak84030,49,25324,insilico
peak84030,49,25324,invitro
peak84030,49,56594,insilico
peak84030,49,56594,invitro
peak84030,49,56594,ism
peak84030,49,104252,insilico
peak84030,49,104252,invitro
peak84030,49,110555,insilico
peak84030,49,110555,invitro
peak84030,49,110555,ism
peak84030,49,110997,insilico
peak84030,49,112489,insilico
peak84030,49,113243,insilico
peak84030,49,154228,insilico
peak84030,49,154228,invitro
peak84030,49,158417,insilico
peak84030,49,177263,insilico
peak84030,49,200303,insilico
peak84030,49,203094,insilico
peak84030,49,203094,invitro
peak84030,49,216746,insilico
peak84030,49,246752,insilico
peak84030,49,258116,insilico
peak84030,49,258116,invitro
peak84030,49,259693,insilico
peak84030,49,272382,insilico
peak84030,49,272382,invitro
peak84030,49,276786,insilico
peak84030,49,281980,insilico
peak84030,49,281980,invitro
peak84030,49,281980,ism
peak84030,49,294530,insilico
peak84030,49,294530,invitro
peak84030,50,32727,insilico
peak84030,50,61858,insilico
peak84030,50,61906,insilico
peak84030,50,61906,invitro
peak84030,50,71460,insilico
peak84030,50,77332,insilico
peak84030,50,77332,invitro
peak84030,50,99846,insilico
peak84030,50,129611,insilico
peak84030,50,129754,insilico
peak84030,50,129754,invitro
peak84030,50,129754,ism
peak84030,50,130668,insilico
peak84030,50,171356,insilico
peak84030,50,176528,insilico
peak84030,50,176528,invitro
peak84030,50,179352,insilico
peak84030,50,189241,insilico
peak84030,50,203913,insilico
peak84030,50,203913,invitro
peak84030,50,208627,insilico
peak84030,50,208627,invitro
peak84030,50,208627,ism
peak84030,50,240547,insilico
peak84030,50,240547,invitro
peak84030,50,240547,ism
peak84030,50,254725,insilico
peak84030,50,254725,invitro
peak84030,50,258711,insilico
peak84030,50,271951,insilico
peak84030,50,271951,invitro
peak84030,50,292314,insilico
peak84030,50,292314,invitro
peak84030,66,16495,insilico
peak84030,66,35904,insilico
peak84030,66,35904,invitro
peak84030,66,39953,insilico
peak84030,66,49919,insilico
peak84030,66,49919,invitro
peak84030,66,49919,ism
peak84030,66,68977,insilico
peak84030,66,84753,insilico
peak84030,66,104208,insilico
peak84030,66,104208,invitro
peak84030,66,107538,insilico
peak84030,66,124961,insilico
peak84030,66,124961,invitro
peak84030,66,124961,ism
peak84030,66,129984,insilico
peak84030,66,129984,invitro
peak84030,66,130495,insilico
peak84030,66,130495,invitro
peak84030,66,130508,insilico
peak84030,66,130508,invitro
peak84030,66,155604,insilico
peak84030,66,198486,insilico
peak84030,66,202291,insilico
peak84030,66,228980,insilico
peak84030,66,228980,invitro
peak84030,66,228980,ism
peak84030,66,246199,insilico
peak84030,66,246199,invitro
peak84030,66,252736,insilico
peak84030,66,252736,invitro
peak84030,66,262362,insilico
peak84030,66,276559,insilico
peak84030,98,8502,insilico
peak84030,98,8502,invitro
peak84030,98,8502,ism
peak84030,98,15025,insilico
peak84030,98,26855,insilico
peak84030,98,26855,invitro
peak84030,98,78819,insilico
peak84030,98,78819,invitro
peak84030,98,78915,insilico
peak84030,98,87396,insilico
peak84030,98,88688,insilico
peak84030,98,88688,invitro
peak84030,98,92152,insilico
peak84030,98,120367,insilico
peak84030,98,120367,invitro
peak84030,98,120367,ism
peak84030,98,124176,insilico
peak84030,98,141383,insilico
peak84030,98,149271,insilico
peak84030,98,164181,insilico
peak84030,98,167549,insilico
peak84030,98,167549,invitro
peak84030,98,177663,insilico
peak84030,98,177663,invitro
peak84030,98,241231,insilico
peak84030,98,241231,invitro
peak84030,98,241231,ism
peak84030,98,243237,insilico
peak84030,98,243237,invitro
peak84030,98,253988,insilico
peak84030,98,285293,insilico
peak84030,98,285293,invitro
peak84030,98,295673,insilico
